{"cameraMode":{"drawMode":0,"name":"Shaded","section":"Shading Mode"},"sceneLighting":true,"audioPlay":false,"sceneViewState":{"showFog":false,"showMaterialUpdate":false,"showSkybox":false,"showFlares":false,"showImageEffects":false,"showParticleSystems":false},"in2DMode":false,"pivot":{"x":8.673698425292969,"y":-17.09685707092285,"z":75.2530288696289},"rotation":{"x":0.13170592486858369,"y":0.057959288358688357,"z":-0.0076643372885882858,"w":0.9895941615104675},"size":87.90220642089844,"orthographic":false}