{"cameraMode":{"drawMode":0,"name":"Shaded","section":"Shading Mode"},"sceneLighting":false,"audioPlay":false,"sceneViewState":{"showFog":false,"showMaterialUpdate":false,"showSkybox":false,"showFlares":false,"showImageEffects":false,"showParticleSystems":false},"in2DMode":false,"pivot":{"x":-0.5249114036560059,"y":1.5074598789215088,"z":-0.06642675399780274},"rotation":{"x":-0.014933920465409756,"y":0.9600003361701965,"z":-0.05218858644366264,"w":-0.27470067143440249},"size":7.569601535797119,"orthographic":false}