{"cameraMode":{"drawMode":0,"name":"Shaded","section":"Shading Mode"},"sceneLighting":true,"audioPlay":false,"sceneViewState":{"showFog":true,"showMaterialUpdate":true,"showSkybox":true,"showFlares":true,"showImageEffects":true,"showParticleSystems":true},"in2DMode":false,"pivot":{"x":14.177216529846192,"y":-51.80708694458008,"z":209.0224151611328},"rotation":{"x":0.12741845846176148,"y":0.02826976403594017,"z":-0.0035648252815008165,"w":0.9914863705635071},"size":234.33245849609376,"orthographic":false}