{"cameraMode":{"drawMode":0,"name":"Shaded","section":"Shading Mode"},"sceneLighting":true,"audioPlay":false,"sceneViewState":{"showFog":false,"showMaterialUpdate":false,"showSkybox":false,"showFlares":false,"showImageEffects":false,"showParticleSystems":false},"in2DMode":false,"pivot":{"x":546.5197143554688,"y":266.1513366699219,"z":1.46881103515625},"rotation":{"x":0.028805742040276529,"y":0.011993363499641419,"z":-0.000288364797597751,"w":0.9995516538619995},"size":822.2827758789063,"orthographic":false}