{"cameraMode":{"drawMode":0,"name":"Shaded","section":"Shading Mode"},"sceneLighting":true,"audioPlay":false,"sceneViewState":{"showFog":true,"showMaterialUpdate":true,"showSkybox":true,"showFlares":true,"showImageEffects":true,"showParticleSystems":true},"in2DMode":false,"pivot":{"x":3.6961464881896974,"y":0.7514564990997315,"z":2.6599276065826418},"rotation":{"x":-0.15964296460151673,"y":-0.5747823715209961,"z":0.1154649555683136,"w":-0.7942971587181091},"size":6.645235538482666,"orthographic":false}