{"cameraMode":{"drawMode":0,"name":"Shaded","section":"Shading Mode"},"sceneLighting":true,"audioPlay":false,"sceneViewState":{"showFog":false,"showMaterialUpdate":false,"showSkybox":false,"showFlares":false,"showImageEffects":false,"showParticleSystems":false},"in2DMode":false,"pivot":{"x":566.73828125,"y":295.4254150390625,"z":-707.5603637695313},"rotation":{"x":0.1423276960849762,"y":-0.005934464279562235,"z":0.0009109419770538807,"w":0.989840567111969},"size":202.86598205566407,"orthographic":false}