{"cameraMode":{"drawMode":0,"name":"Shaded","section":"Shading Mode"},"sceneLighting":false,"audioPlay":false,"sceneViewState":{"showFog":false,"showMaterialUpdate":false,"showSkybox":false,"showFlares":false,"showImageEffects":false,"showParticleSystems":false},"in2DMode":false,"pivot":{"x":-0.10735893249511719,"y":1.37215256690979,"z":-0.2902412414550781},"rotation":{"x":-0.015480917878448964,"y":0.9676609635353088,"z":-0.06134433671832085,"w":-0.24419930577278138},"size":7.569601535797119,"orthographic":false}