{"cameraMode":{"drawMode":0,"name":"Shaded","section":"Shading Mode"},"sceneLighting":true,"audioPlay":false,"sceneViewState":{"showFog":false,"showMaterialUpdate":false,"showSkybox":false,"showFlares":false,"showImageEffects":false,"showParticleSystems":false},"in2DMode":false,"pivot":{"x":570.7219848632813,"y":371.5140075683594,"z":-696.150146484375},"rotation":{"x":0.013808729127049446,"y":-0.010501903481781483,"z":0.00020234692783560604,"w":0.9998880624771118},"size":189.46498107910157,"orthographic":false}