{"cameraMode":{"drawMode":0,"name":"Shaded","section":"Shading Mode"},"sceneLighting":true,"audioPlay":false,"sceneViewState":{"showFog":false,"showMaterialUpdate":false,"showSkybox":false,"showFlares":false,"showImageEffects":false,"showParticleSystems":false},"in2DMode":false,"pivot":{"x":-5.27291202545166,"y":8.308221817016602,"z":-67.70175170898438},"rotation":{"x":-0.0001922025257954374,"y":-0.9990032315254211,"z":-0.04467600956559181,"w":0.004787671845406294},"size":81.75641632080078,"orthographic":false}