{"cameraMode":{"drawMode":0,"name":"Shaded","section":"Shading Mode"},"sceneLighting":true,"audioPlay":false,"sceneViewState":{"showFog":false,"showMaterialUpdate":false,"showSkybox":false,"showFlares":false,"showImageEffects":false,"showParticleSystems":false},"in2DMode":false,"pivot":{"x":10.310275077819825,"y":6.107161521911621,"z":-66.51902770996094},"rotation":{"x":0.0028622830286622049,"y":-0.9953723549842835,"z":-0.031054439023137094,"w":-0.09103839844465256},"size":81.75641632080078,"orthographic":false}